eyeDataTimestamp,isCalibrationValid,gazeHasValue,gazeOrigin_x,gazeOrigin_y,gazeOrigin_z,gazeDirection_x,gazeDirection_y,gazeDirection_z,gazePointHit,gazePoint_x,gazePoint_y,gazePoint_z,note
1760983973337,True,True,0.007260571,1.596138,0.04262651,-0.6308182,-0.1321283,0.7645983,False,0,0,0,Data_from_ARETT
1760983973371,True,True,0.007329158,1.596158,0.04207525,-0.6333427,-0.1338921,0.7622007,False,0,0,0,Data_from_ARETT
1760983973405,True,True,0.007124629,1.596132,0.04137699,-0.6318903,-0.146017,0.7611791,False,0,0,0,Data_from_ARETT
1760983973438,True,True,0.006209392,1.595462,0.04210182,-0.6370082,-0.1484265,0.7564324,False,0,0,0,Data_from_ARETT
1760983973472,True,True,0.004801728,1.595843,0.04135181,-0.6461354,-0.1473817,0.7488576,False,0,0,0,Data_from_ARETT
1760983973507,True,True,0.002962516,1.595553,0.04155385,-0.6579946,-0.1408616,0.7397305,False,0,0,0,Data_from_ARETT
1760983973540,True,True,0.002033471,1.596146,0.0401681,-0.6744932,-0.132391,0.7263137,False,0,0,0,Data_from_ARETT
1760983973575,True,True,0.0004816249,1.596352,0.0381381,-0.690568,-0.1338568,0.710773,False,0,0,0,Data_from_ARETT
1760983973610,True,True,-0.001537136,1.595516,0.037047,-0.7056413,-0.1425758,0.6940768,False,0,0,0,Data_from_ARETT
1760983973644,True,True,-0.003067346,1.595271,0.03661709,-0.7147308,-0.1401995,0.6852036,False,0,0,0,Data_from_ARETT
1760983973678,True,True,-0.003962001,1.5959,0.0357348,-0.7251263,-0.1381699,0.6746117,False,0,0,0,Data_from_ARETT
1760983973712,True,True,-0.005478724,1.595672,0.03550947,-0.7359601,-0.1354443,0.6633383,False,0,0,0,Data_from_ARETT
1760983973746,True,True,-0.006872504,1.596031,0.03425807,-0.7461114,-0.131578,0.6526906,False,0,0,0,Data_from_ARETT
1760983973780,True,True,-0.007495019,1.596589,0.03255758,-0.7558219,-0.1319477,0.6413447,False,0,0,0,Data_from_ARETT
1760983973814,True,True,-0.009149287,1.595672,0.03192886,-0.7643647,-0.1339147,0.6307246,False,0,0,0,Data_from_ARETT
1760983973848,True,True,-0.00962743,1.595733,0.031159,-0.7732031,-0.1323311,0.6201979,False,0,0,0,Data_from_ARETT
1760983973882,True,True,-0.01021751,1.596468,0.03013748,-0.7770302,-0.1372239,0.6143238,False,0,0,0,Data_from_ARETT
1760983973916,True,True,-0.01182163,1.596178,0.03060603,-0.7784383,-0.128189,0.6144928,False,0,0,0,Data_from_ARETT
1760983973950,True,True,-0.01190919,1.596691,0.02990283,-0.785663,-0.1164885,0.6075888,False,0,0,0,Data_from_ARETT
1760983973985,True,True,-0.0124445,1.596891,0.02795684,-0.7920787,-0.1190558,0.5986962,False,0,0,0,Data_from_ARETT
1760983974018,True,True,-0.01406536,1.596484,0.02699081,-0.7953007,-0.1220511,0.5938017,False,0,0,0,Data_from_ARETT
1760983974052,True,True,-0.01420148,1.596613,0.02609956,-0.803503,-0.1231011,0.5824338,False,0,0,0,Data_from_ARETT
1760983974087,True,True,-0.01589401,1.596527,0.02430426,-0.8124927,-0.1296496,0.568372,False,0,0,0,Data_from_ARETT
1760983974120,True,True,-0.01812939,1.595703,0.02352039,-0.8221898,-0.1283624,0.5545512,False,0,0,0,Data_from_ARETT
1760983974155,True,True,-0.01931062,1.595196,0.02205404,-0.8351189,-0.1274007,0.5351126,False,0,0,0,Data_from_ARETT
1760983974189,True,True,-0.02120837,1.595113,0.01942141,-0.845639,-0.1326422,0.5170114,False,0,0,0,Data_from_ARETT
1760983974222,True,True,-0.02332712,1.594491,0.01759566,-0.8559083,-0.1303051,0.5004416,False,0,0,0,Data_from_ARETT
1760983974256,True,True,-0.02487447,1.594542,0.01500428,-0.8656634,-0.1396429,0.4807566,False,0,0,0,Data_from_ARETT
1760983974290,True,True,-0.02728748,1.593899,0.0128434,-0.878048,-0.1420682,0.4569994,False,0,0,0,Data_from_ARETT
1760983974324,True,True,-0.02975238,1.593587,0.008783611,-0.8922365,-0.1463139,0.4272077,False,0,0,0,Data_from_ARETT
1760983974358,True,True,-0.03330381,1.593036,0.005294595,-0.9053181,-0.1492295,0.3976552,False,0,0,0,Data_from_ARETT
1760983974394,True,True,-0.03645624,1.593094,-0.001271868,-0.925428,-0.1451607,0.3500164,False,0,0,0,Data_from_ARETT
1760983974428,True,True,-0.03967525,1.590726,-0.005706983,-0.9371675,-0.1479679,0.3159473,False,0,0,0,Data_from_ARETT
1760983974462,True,True,-0.04143403,1.590491,-0.01156997,-0.9456054,-0.1656444,0.2799864,False,0,0,0,Data_from_ARETT
1760983974495,True,True,-0.04363612,1.589473,-0.01550775,-0.9536571,-0.1695341,0.2485889,False,0,0,0,Data_from_ARETT
1760983974531,True,True,-0.04719066,1.586449,-0.01858992,-0.9600845,-0.1708587,0.2214608,False,0,0,0,Data_from_ARETT
1760983974565,True,True,-0.04931889,1.586023,-0.02287916,-0.9633459,-0.1778658,0.2008199,False,0,0,0,Data_from_ARETT
1760983974598,True,True,-0.04870419,1.586368,-0.02667918,-0.9676171,-0.1808508,0.1760976,False,0,0,0,Data_from_ARETT
1760983974634,True,True,-0.05142349,1.584067,-0.03038609,-0.9686659,-0.1910928,0.1586513,False,0,0,0,Data_from_ARETT
1760983974668,True,True,-0.05251348,1.583724,-0.03187991,-0.9709757,-0.1856532,0.150795,False,0,0,0,Data_from_ARETT
1760983974702,True,True,-0.05285108,1.583258,-0.03252586,-0.970108,-0.1896267,0.1514341,False,0,0,0,Data_from_ARETT
1760983974735,True,True,-0.05270609,1.58386,-0.03399581,-0.969857,-0.1910511,0.1512508,False,0,0,0,Data_from_ARETT
1760983974770,True,True,-0.05352222,1.582699,-0.03358476,-0.9691685,-0.1916798,0.1548266,False,0,0,0,Data_from_ARETT
1760983974803,True,True,-0.05516081,1.581399,-0.03312764,-0.9680886,-0.1909485,0.1623065,False,0,0,0,Data_from_ARETT
1760983974838,True,True,-0.05489516,1.581476,-0.03307819,-0.9678328,-0.1905031,0.1643424,False,0,0,0,Data_from_ARETT
1760983974872,True,True,-0.05459564,1.581191,-0.0330157,-0.9652863,-0.2031174,0.1642134,False,0,0,0,Data_from_ARETT
1760983974905,True,True,-0.05568525,1.579391,-0.03272447,-0.9645544,-0.2059785,0.1649474,False,0,0,0,Data_from_ARETT
1760983974940,True,True,-0.05580353,1.579175,-0.03182337,-0.9621755,-0.2149757,0.1673439,False,0,0,0,Data_from_ARETT
1760983974974,True,True,-0.05631931,1.578703,-0.03053761,-0.9617592,-0.2150133,0.1696718,False,0,0,0,Data_from_ARETT
1760983975008,True,True,-0.05496347,1.579563,-0.03002778,-0.9607376,-0.2150179,0.1753586,False,0,0,0,Data_from_ARETT
1760983975043,True,True,-0.05570696,1.579631,-0.02831523,-0.9614331,-0.20923,0.17852,False,0,0,0,Data_from_ARETT
1760983975078,True,True,-0.05505218,1.579381,-0.02800776,-0.9606804,-0.2136745,0.1773033,False,0,0,0,Data_from_ARETT
1760983975112,True,True,-0.05574838,1.578387,-0.02718844,-0.9597304,-0.219465,0.1753638,False,0,0,0,Data_from_ARETT
1760983975145,True,True,-0.05635075,1.578613,-0.02666429,-0.9587253,-0.2239085,0.1752458,False,0,0,0,Data_from_ARETT
1760983975180,True,True,-0.05623333,1.578601,-0.02613239,-0.9605297,-0.2185024,0.1721606,False,0,0,0,Data_from_ARETT
1760983975213,True,True,-0.05657321,1.577941,-0.02502468,-0.9592233,-0.2244281,0.1718221,False,0,0,0,Data_from_ARETT
1760983975248,True,True,-0.05806556,1.576803,-0.02480445,-0.95948,-0.2214847,0.1741918,False,0,0,0,Data_from_ARETT
1760983975282,True,True,-0.0573347,1.57722,-0.02427914,-0.9589554,-0.2229773,0.1751728,False,0,0,0,Data_from_ARETT
1760983975316,True,True,-0.05789211,1.575922,-0.02412863,-0.9568911,-0.2324725,0.1741147,False,0,0,0,Data_from_ARETT
1760983975350,True,True,-0.05840539,1.575381,-0.02367233,-0.9549049,-0.2398496,0.175011,False,0,0,0,Data_from_ARETT
1760983975384,True,True,-0.05984978,1.574483,-0.02277037,-0.9546065,-0.2403326,0.1759738,False,0,0,0,Data_from_ARETT
1760983975418,True,True,-0.05960365,1.574586,-0.02265356,-0.9548528,-0.2401843,0.1748361,False,0,0,0,Data_from_ARETT
1760983975452,True,True,-0.06097626,1.573525,-0.02249206,-0.9538315,-0.2427784,0.1768175,False,0,0,0,Data_from_ARETT
1760983975486,True,True,-0.06093318,1.573709,-0.02250379,-0.9545245,-0.2416107,0.1746633,False,0,0,0,Data_from_ARETT
1760983975520,True,True,-0.06061805,1.573888,-0.02264216,-0.9534712,-0.2467312,0.173253,False,0,0,0,Data_from_ARETT
1760983975554,True,True,-0.06123163,1.573416,-0.02250069,-0.9526164,-0.2496589,0.1737599,False,0,0,0,Data_from_ARETT
1760983975588,True,True,-0.06170171,1.573761,-0.02205322,-0.9529995,-0.2469327,0.1755456,False,0,0,0,Data_from_ARETT
1760983975622,True,True,-0.06107523,1.574676,-0.02145199,-0.9538399,-0.2413319,0.1787414,False,0,0,0,Data_from_ARETT
1760983975655,True,True,-0.06167797,1.574534,-0.02045183,-0.953658,-0.2353477,0.1874779,False,0,0,0,Data_from_ARETT
1760983975689,True,True,-0.06019988,1.576561,-0.01907479,-0.9529519,-0.2273794,0.2004527,False,0,0,0,Data_from_ARETT
1760983975724,True,True,-0.05925246,1.577788,-0.0171523,-0.9502028,-0.2199076,0.220806,False,0,0,0,Data_from_ARETT
1760983975758,True,True,-0.05824055,1.578911,-0.01379712,-0.9448833,-0.2113234,0.2500764,False,0,0,0,Data_from_ARETT
1760983975792,True,True,-0.056676,1.580818,-0.01062455,-0.9386162,-0.1986948,0.2819936,False,0,0,0,Data_from_ARETT
1760983975825,True,True,-0.05371493,1.583525,-0.005726046,-0.9257153,-0.1843927,0.3302282,False,0,0,0,Data_from_ARETT
1760983975860,True,True,-0.04865836,1.587126,0.003323711,-0.8924669,-0.1533736,0.4242399,False,0,0,0,Data_from_ARETT
1760983975893,True,True,-0.04195844,1.591097,0.00971654,-0.8563964,-0.1319098,0.4991844,False,0,0,0,Data_from_ARETT
1760983975928,True,True,-0.03467578,1.594571,0.01798221,-0.8033807,-0.1094576,0.5853191,False,0,0,0,Data_from_ARETT
1760983975962,True,True,-0.0262103,1.597957,0.02543392,-0.7421968,-0.08675993,0.6645424,False,0,0,0,Data_from_ARETT
1760983975996,True,True,-0.01736078,1.601283,0.0324651,-0.6695899,-0.06271443,0.7400786,False,0,0,0,Data_from_ARETT
1760983976030,True,True,-0.007626945,1.604346,0.03944037,-0.5926319,-0.04037585,0.8044608,False,0,0,0,Data_from_ARETT
1760983976064,True,True,0.001265146,1.60726,0.04396263,-0.5201513,-0.02188135,0.8537939,False,0,0,0,Data_from_ARETT
1760983976098,True,True,0.01147581,1.609351,0.04982651,-0.4331838,0.003862888,0.9012973,False,0,0,0,Data_from_ARETT
1760983976132,True,True,0.02175079,1.611314,0.05341471,-0.3448588,0.02270456,0.9383799,False,0,0,0,Data_from_ARETT
1760983976166,True,True,0.03217312,1.613123,0.05559222,-0.2637459,0.0311401,0.9640894,False,0,0,0,Data_from_ARETT
1760983976200,True,True,0.04041301,1.613924,0.05859923,-0.1759335,0.04282028,0.9834703,False,0,0,0,Data_from_ARETT
1760983976235,True,True,0.05023068,1.616246,0.05938362,-0.09533343,0.05219121,0.9940763,False,0,0,0,Data_from_ARETT
1760983976269,True,True,0.05722647,1.616887,0.0608129,-0.04170463,0.06459341,0.9970399,False,0,0,0,Data_from_ARETT
1760983976303,True,True,0.06378212,1.618095,0.06104418,0.002715644,0.07164604,0.9974265,False,0,0,0,Data_from_ARETT
1760983976337,True,True,0.07024533,1.619594,0.06059896,0.06101786,0.08685508,0.9943506,False,0,0,0,Data_from_ARETT
1760983976370,True,True,0.07407589,1.619956,0.05936208,0.07729194,0.08919226,0.9930109,False,0,0,0,Data_from_ARETT
1760983976405,True,True,0.07634835,1.620578,0.05627043,0.07446358,0.07706973,0.9942411,False,0,0,0,Data_from_ARETT
1760983976439,True,True,0.07813407,1.619525,0.05768682,0.08654703,0.07495825,0.9934238,False,0,0,0,Data_from_ARETT
1760983976473,True,True,0.07942198,1.620942,0.05572924,0.0832905,0.08102033,0.9932262,False,0,0,0,Data_from_ARETT
1760983976507,True,True,0.08065797,1.622307,0.05657084,0.08296901,0.1009334,0.9914275,True,0.1963621,1.763063,1.439163,Data_from_ARETT
1760983976541,True,True,0.08258609,1.625034,0.05434442,0.09848008,0.1286334,0.9867903,False,0,0,0,Data_from_ARETT
1760983976575,True,True,0.08383211,1.626071,0.05225466,0.09777996,0.1435691,0.984798,False,0,0,0,Data_from_ARETT
1760983976610,True,True,0.08444896,1.626881,0.05213371,0.09017731,0.151187,0.9843833,False,0,0,0,Data_from_ARETT
1760983976644,True,True,0.0850389,1.628971,0.04933638,0.09522757,0.1616401,0.9822445,False,0,0,0,Data_from_ARETT
1760983976678,True,True,0.08496151,1.630019,0.04772547,0.08265674,0.1660183,0.9826524,False,0,0,0,Data_from_ARETT
1760983976712,True,True,0.0854096,1.63031,0.05058497,0.08100235,0.1814654,0.9800556,False,0,0,0,Data_from_ARETT
1760983976747,True,True,0.08582598,1.633447,0.04746581,0.08891831,0.2052787,0.9746559,False,0,0,0,Data_from_ARETT
1760983976782,True,True,0.08646161,1.634293,0.04572895,0.08457878,0.2168856,0.9725261,False,0,0,0,Data_from_ARETT
1760983976815,True,True,0.08688676,1.634835,0.04591934,0.08210018,0.2185649,0.9723626,False,0,0,0,Data_from_ARETT
1760983976850,True,True,0.08677837,1.635751,0.04598496,0.08352416,0.2309662,0.9693701,False,0,0,0,Data_from_ARETT
1760983976883,True,True,0.08643597,1.636611,0.04443198,0.07607772,0.2370113,0.9685236,False,0,0,0,Data_from_ARETT
1760983976917,True,True,0.08633658,1.637425,0.0445307,0.0687077,0.2404792,0.9682195,False,0,0,0,Data_from_ARETT
1760983976952,True,True,0.08631836,1.638573,0.04389801,0.07092567,0.2602362,0.9629365,False,0,0,0,Data_from_ARETT
1760983976986,True,True,0.08683793,1.63902,0.04265207,0.07064003,0.2674442,0.9609805,False,0,0,0,Data_from_ARETT
1760983977020,True,True,0.08734056,1.639709,0.04185221,0.06475487,0.2658589,0.9618346,False,0,0,0,Data_from_ARETT
1760983977054,True,True,0.0872224,1.639939,0.04144426,0.05876927,0.2700077,0.961063,False,0,0,0,Data_from_ARETT
1760983977088,True,True,0.08594922,1.640477,0.04032996,0.05387506,0.2686194,0.9617386,False,0,0,0,Data_from_ARETT
1760983977122,True,True,0.08570921,1.640654,0.04194706,0.04953632,0.2756556,0.9599792,False,0,0,0,Data_from_ARETT
1760983977157,True,True,0.0851268,1.641504,0.04118463,0.04479051,0.2905106,0.9558229,False,0,0,0,Data_from_ARETT
1760983977191,True,True,0.08518232,1.642142,0.03976969,0.04043329,0.2952157,0.9545747,False,0,0,0,Data_from_ARETT
1760983977225,True,True,0.08467913,1.642747,0.03907764,0.03836826,0.2965888,0.9542342,False,0,0,0,Data_from_ARETT
1760983977259,True,True,0.08430038,1.643124,0.03843616,0.03475989,0.2992784,0.9535325,False,0,0,0,Data_from_ARETT
1760983977292,True,True,0.0839766,1.643447,0.03850765,0.02648648,0.2995316,0.9537187,False,0,0,0,Data_from_ARETT
1760983977327,True,True,0.08242963,1.644794,0.03781171,0.01781773,0.3148575,0.9489717,False,0,0,0,Data_from_ARETT
1760983977361,True,True,0.08246474,1.645373,0.03662582,0.01457198,0.3249274,0.9456267,False,0,0,0,Data_from_ARETT
1760983977395,True,True,0.08265454,1.645883,0.03682385,0.01089989,0.3323825,0.9430817,False,0,0,0,Data_from_ARETT
1760983977429,True,True,0.08277064,1.646841,0.03467946,0.0156504,0.3435485,0.9390045,False,0,0,0,Data_from_ARETT
1760983977464,True,True,0.08381017,1.647327,0.03349949,0.02338256,0.344256,0.9385846,False,0,0,0,Data_from_ARETT
1760983977498,True,True,0.08555916,1.647594,0.03274833,0.03367779,0.3482617,0.9367922,False,0,0,0,Data_from_ARETT
1760983977532,True,True,0.08829733,1.647709,0.0318199,0.06288818,0.3572925,0.9318729,False,0,0,0,Data_from_ARETT
1760983977566,True,True,0.09211726,1.647662,0.03038418,0.1054731,0.3646086,0.9251681,False,0,0,0,Data_from_ARETT
1760983977599,True,True,0.09597956,1.647134,0.02932588,0.1451077,0.3666113,0.9189885,False,0,0,0,Data_from_ARETT
1760983977634,True,True,0.1000996,1.646817,0.02777168,0.1831995,0.3637058,0.9133214,False,0,0,0,Data_from_ARETT
1760983977668,True,True,0.1036758,1.646422,0.02678007,0.2148301,0.3569481,0.9090853,False,0,0,0,Data_from_ARETT
1760983977702,True,True,0.1068704,1.64571,0.0266795,0.2395486,0.3513284,0.9050883,False,0,0,0,Data_from_ARETT
1760983977735,True,True,0.1098015,1.645223,0.02616223,0.2639666,0.3483221,0.8994406,False,0,0,0,Data_from_ARETT
1760983977770,True,True,0.1126906,1.644447,0.02552139,0.2863259,0.3445268,0.8940462,False,0,0,0,Data_from_ARETT
1760983977803,True,True,0.1160216,1.643594,0.02515882,0.3104742,0.3383623,0.8883224,False,0,0,0,Data_from_ARETT
1760983977838,True,True,0.118398,1.643126,0.02433013,0.3361564,0.3290109,0.8824685,False,0,0,0,Data_from_ARETT
1760983977872,True,True,0.1210872,1.642109,0.02487377,0.3550788,0.3201309,0.8783139,False,0,0,0,Data_from_ARETT
1760983977906,True,True,0.1233789,1.641755,0.02553722,0.367746,0.3131777,0.8756042,False,0,0,0,Data_from_ARETT
1760983977940,True,True,0.1249273,1.641697,0.02561195,0.3827142,0.3086554,0.8707823,False,0,0,0,Data_from_ARETT
1760983977974,True,True,0.1256342,1.641258,0.02640407,0.3927844,0.3062083,0.8671545,False,0,0,0,Data_from_ARETT
1760983978008,True,True,0.1265355,1.640447,0.02740174,0.3969167,0.2999248,0.8674688,False,0,0,0,Data_from_ARETT
1760983978042,True,True,0.1273733,1.639837,0.02820604,0.3992179,0.2917685,0.8691928,False,0,0,0,Data_from_ARETT
1760983978077,True,True,0.1268258,1.638757,0.02958502,0.3979038,0.2711594,0.8764389,False,0,0,0,Data_from_ARETT
1760983978110,True,True,0.1273473,1.637441,0.03167758,0.393915,0.2589382,0.8819195,False,0,0,0,Data_from_ARETT
1760983978144,True,True,0.1269054,1.636207,0.03451439,0.3917299,0.2515089,0.8850373,False,0,0,0,Data_from_ARETT
1760983978179,True,True,0.1264153,1.635311,0.03523662,0.3908002,0.2394155,0.8887944,False,0,0,0,Data_from_ARETT
1760983978213,True,True,0.1263534,1.633742,0.03621322,0.3867611,0.2216738,0.8951405,False,0,0,0,Data_from_ARETT
1760983978247,True,True,0.125943,1.631683,0.03789907,0.3825005,0.1980623,0.902477,False,0,0,0,Data_from_ARETT
1760983978281,True,True,0.1253336,1.629801,0.04013924,0.3790562,0.1765144,0.9083827,False,0,0,0,Data_from_ARETT
1760983978315,True,True,0.1258839,1.628136,0.04288342,0.3746008,0.1596659,0.9133351,False,0,0,0,Data_from_ARETT
1760983978349,True,True,0.1255089,1.627656,0.04505013,0.3739281,0.1526163,0.9148148,False,0,0,0,Data_from_ARETT
1760983978383,True,True,0.1256574,1.627381,0.04621723,0.3769431,0.1487982,0.9142062,False,0,0,0,Data_from_ARETT
1760983978418,True,True,0.1255681,1.62719,0.04693587,0.3781757,0.1439807,0.9144685,False,0,0,0,Data_from_ARETT
1760983978451,True,True,0.1261212,1.626647,0.04784145,0.3771242,0.1352111,0.9162398,False,0,0,0,Data_from_ARETT
1760983978486,True,True,0.1258744,1.626245,0.04907861,0.3758217,0.1275633,0.9178702,False,0,0,0,Data_from_ARETT
1760983978521,True,True,0.1255889,1.625897,0.05048766,0.3733433,0.1230912,0.9194908,True,0.6365541,1.794362,1.308922,Data_from_ARETT
1760983978554,True,True,0.1252283,1.626081,0.05120201,0.3722062,0.1205937,0.9202824,True,0.634667,1.791137,1.310792,Data_from_ARETT
1760983978589,True,True,0.1251956,1.625825,0.05173619,0.3718814,0.1231715,0.9200723,True,0.6341584,1.7944,1.310962,Data_from_ARETT
1760983978622,True,True,0.1254739,1.625081,0.05206732,0.3712046,0.119701,0.9208034,True,0.6335526,1.788919,1.312398,Data_from_ARETT
1760983978657,True,True,0.1252189,1.624719,0.05213523,0.3690643,0.1114195,0.9227011,True,0.630494,1.77726,1.315378,Data_from_ARETT
1760983978690,True,True,0.1252017,1.624026,0.05233446,0.3668507,0.1019873,0.9246725,True,0.6335306,1.765345,1.333612,Data_from_ARETT
1760983978724,True,True,0.1250226,1.623482,0.05254588,0.3647029,0.09430743,0.9263358,False,0,0,0,Data_from_ARETT
1760983978758,True,True,0.1251033,1.622515,0.05334929,0.3630122,0.08768255,0.9276497,False,0,0,0,Data_from_ARETT
1760983978793,True,True,0.1248626,1.621818,0.0538012,0.3618424,0.08715728,0.9281561,False,0,0,0,Data_from_ARETT
1760983978827,True,True,0.1253676,1.621083,0.05348659,0.3617055,0.07899052,0.9289401,False,0,0,0,Data_from_ARETT
1760983978861,True,True,0.125548,1.620224,0.05381233,0.3581693,0.06604572,0.9313177,False,0,0,0,Data_from_ARETT
1760983978895,True,True,0.1253476,1.62021,0.05455643,0.3556778,0.06231588,0.9325289,False,0,0,0,Data_from_ARETT
1760983978930,True,True,0.1257317,1.621056,0.05432879,0.3546035,0.06228043,0.9329402,False,0,0,0,Data_from_ARETT
1760983978964,True,True,0.1256214,1.621306,0.0551171,0.3549761,0.07021976,0.9322345,False,0,0,0,Data_from_ARETT
1760983978998,True,True,0.1259407,1.621759,0.05472049,0.355991,0.0789479,0.9311486,False,0,0,0,Data_from_ARETT
1760983979032,True,True,0.126449,1.62174,0.05469377,0.3580325,0.08231988,0.9300732,False,0,0,0,Data_from_ARETT
1760983979066,True,True,0.1265594,1.622348,0.05358259,0.360176,0.07905711,0.9295285,False,0,0,0,Data_from_ARETT
1760983979101,True,True,0.1268828,1.622316,0.05387083,0.360379,0.07627679,0.9296821,False,0,0,0,Data_from_ARETT
1760983979135,True,True,0.1268598,1.622923,0.05440138,0.3594466,0.07886997,0.9298267,False,0,0,0,Data_from_ARETT
1760983979170,True,True,0.1265399,1.623476,0.05447396,0.3603365,0.08794067,0.9286679,False,0,0,0,Data_from_ARETT
1760983979204,True,True,0.1269071,1.623911,0.05480108,0.361163,0.0956444,0.9275847,False,0,0,0,Data_from_ARETT
1760983979238,True,True,0.12714,1.62424,0.05437248,0.3624242,0.1053228,0.9260431,True,0.623436,1.768467,1.322476,Data_from_ARETT
1760983979272,True,True,0.1268145,1.6251,0.05272352,0.3637973,0.1069728,0.9253153,True,0.6251599,1.771636,1.320261,Data_from_ARETT
1760983979306,True,True,0.1269238,1.62494,0.05253214,0.3638668,0.1051171,0.9255006,True,0.6251996,1.768887,1.319904,Data_from_ARETT
1760983979340,True,True,0.1264393,1.624995,0.05221112,0.362346,0.1059881,0.9259978,True,0.6226152,1.770129,1.32022,Data_from_ARETT
1760983979374,True,True,0.125988,1.625037,0.05243315,0.3613787,0.1077979,0.9261669,True,0.6208876,1.772663,1.320797,Data_from_ARETT
1760983979408,True,True,0.1258374,1.625129,0.05266931,0.3600125,0.1130186,0.9260766,True,0.6186925,1.779851,1.320463,Data_from_ARETT
1760983979442,True,True,0.1256499,1.625645,0.05169549,0.3590793,0.1185236,0.9257506,True,0.6171471,1.787877,1.318836,Data_from_ARETT
1760983979477,True,True,0.1247967,1.625725,0.05050981,0.3570379,0.1163133,0.9268199,True,0.6135299,1.784941,1.319192,Data_from_ARETT
1760983979510,True,True,0.1247338,1.625659,0.05031211,0.3551742,0.1111809,0.9281649,True,0.6109953,1.777874,1.321043,Data_from_ARETT
1760983979545,True,True,0.1241529,1.625972,0.05056235,0.3534374,0.1126763,0.9286474,True,0.6080123,1.780227,1.32189,Data_from_ARETT
1760983979579,True,True,0.1235798,1.625982,0.05096087,0.3522729,0.1175505,0.9284857,True,0.6057734,1.786885,1.321878,Data_from_ARETT
1760983979613,True,True,0.123708,1.626123,0.0509223,0.349079,0.1210388,0.9292435,True,0.6014863,1.791787,1.322762,Data_from_ARETT
1760983979646,True,True,0.1238148,1.626278,0.05071959,0.344913,0.1252302,0.9302432,True,0.5958472,1.797662,1.323809,Data_from_ARETT
1760983979680,True,True,0.1230779,1.626642,0.04963834,0.3429622,0.1249164,0.9310063,True,0.5924436,1.797598,1.32378,Data_from_ARETT
1760983979715,True,True,0.1232709,1.626351,0.04919685,0.3423309,0.1193477,0.9319687,True,0.5918331,1.789707,1.32482,Data_from_ARETT
1760983979748,True,True,0.1231523,1.625949,0.04995508,0.3409765,0.1180672,0.9326281,True,0.5898765,1.787558,1.326525,Data_from_ARETT
1760983979784,True,True,0.122809,1.62635,0.05021019,0.3400084,0.1193483,0.9328185,True,0.5881922,1.789707,1.326997,Data_from_ARETT
1760983979818,True,True,0.1226085,1.626592,0.05046788,0.3396053,0.1244437,0.9322993,True,0.5873845,1.796902,1.326391,Data_from_ARETT
1760983979852,True,True,0.1224939,1.62687,0.04973629,0.3395881,0.1284954,0.9317558,False,0,0,0,Data_from_ARETT
1760983979886,True,True,0.1226756,1.62658,0.04930343,0.3385207,0.1274519,0.9322874,False,0,0,0,Data_from_ARETT
1760983979920,True,True,0.1228245,1.626163,0.04922588,0.3370161,0.1211287,0.9336745,True,0.5840914,1.791949,1.327127,Data_from_ARETT
1760983979954,True,True,0.1224487,1.625952,0.0494112,0.3374678,0.1178989,0.9339247,True,0.5843725,1.787331,1.327761,Data_from_ARETT
1760983979987,True,True,0.1225061,1.626326,0.04932089,0.3399641,0.1163165,0.9332175,True,0.5878679,1.785547,1.326761,Data_from_ARETT
1760983980022,True,True,0.1231731,1.626335,0.04973727,0.3426813,0.1194609,0.9318254,True,0.5922136,1.789846,1.325161,Data_from_ARETT
1760983980055,True,True,0.1235335,1.626642,0.04976552,0.3461778,0.1294838,0.9291905,False,0,0,0,Data_from_ARETT
1760983980090,True,True,0.1239757,1.626686,0.04892237,0.3504454,0.1307149,0.9274166,False,0,0,0,Data_from_ARETT
1760983980124,True,True,0.1246122,1.626512,0.04836639,0.3526279,0.1256967,0.927283,True,0.6071986,1.798533,1.317393,Data_from_ARETT
1760983980158,True,True,0.1244249,1.626443,0.04816436,0.3530038,0.1211285,0.9277479,True,0.607574,1.792229,1.317954,Data_from_ARETT
1760983980192,True,True,0.12419,1.62654,0.04869924,0.3517921,0.1198326,0.9283763,True,0.6056961,1.790557,1.31939,Data_from_ARETT
1760983980226,True,True,0.1245341,1.626687,0.04948171,0.3504182,0.125841,0.9281008,True,0.6040951,1.798906,1.319624,Data_from_ARETT
1760983980260,True,True,0.1244899,1.626962,0.0494563,0.3509622,0.1348209,0.9266331,False,0,0,0,Data_from_ARETT
1760983980294,True,True,0.1245228,1.626898,0.04842364,0.3523577,0.1334354,0.926304,False,0,0,0,Data_from_ARETT
1760983980328,True,True,0.1253132,1.626459,0.04812588,0.3517396,0.1259163,0.9275906,True,0.6066817,1.79878,1.317568,Data_from_ARETT
1760983980362,True,True,0.1250039,1.626134,0.0486322,0.3515128,0.12178,0.9282286,True,0.6059151,1.792743,1.318559,Data_from_ARETT
1760983980396,True,True,0.1248628,1.626396,0.04910898,0.3531993,0.1228279,0.9274501,True,0.6082602,1.794501,1.31844,Data_from_ARETT
1760983980430,True,True,0.1253725,1.626746,0.04906505,0.3540693,0.1270443,0.9265499,False,0,0,0,Data_from_ARETT
1760983980464,True,True,0.1255535,1.626863,0.04891628,0.3548698,0.1355172,0.9250419,False,0,0,0,Data_from_ARETT
1760983980499,True,True,0.1258331,1.626628,0.04852899,0.3572219,0.1349325,0.9242217,False,0,0,0,Data_from_ARETT
1760983980532,True,True,0.1260071,1.626637,0.0477232,0.3588582,0.1298244,0.9243194,False,0,0,0,Data_from_ARETT
1760983980567,True,True,0.1262738,1.626462,0.04795742,0.3587896,0.1260972,0.9248619,True,0.6171809,1.798992,1.313382,Data_from_ARETT
1760983980600,True,True,0.1260304,1.62676,0.04810889,0.3583801,0.1263402,0.9249875,False,0,0,0,Data_from_ARETT
1760983980634,True,True,0.1260201,1.626719,0.0484655,0.3580025,0.1295007,0.9246966,False,0,0,0,Data_from_ARETT
1760983980669,True,True,0.1260004,1.626602,0.04869785,0.3581108,0.1352516,0.923831,False,0,0,0,Data_from_ARETT
1760983980702,True,True,0.126304,1.626424,0.04791645,0.3589666,0.1345316,0.923604,False,0,0,0,Data_from_ARETT
1760983980737,True,True,0.1264174,1.626357,0.04737688,0.3597046,0.130281,0.9239261,False,0,0,0,Data_from_ARETT
1760983980771,True,True,0.1264562,1.626275,0.04745473,0.359644,0.1251264,0.9246619,True,0.618413,1.797435,1.312299,Data_from_ARETT
1760983980805,True,True,0.1261695,1.626409,0.04790065,0.3587459,0.1255823,0.9249489,True,0.6171296,1.798274,1.313736,Data_from_ARETT
1760983980839,True,True,0.1261135,1.626607,0.04820386,0.3583537,0.1286728,0.9246761,False,0,0,0,Data_from_ARETT
1760983980873,True,True,0.1262042,1.626542,0.04848359,0.357673,0.1344091,0.9241235,False,0,0,0,Data_from_ARETT
1760983980906,True,True,0.1263447,1.62622,0.04785752,0.3583332,0.1343392,0.9238779,False,0,0,0,Data_from_ARETT
1760983980940,True,True,0.1266667,1.626068,0.04733554,0.3588804,0.1285743,0.9244855,False,0,0,0,Data_from_ARETT
1760983980975,True,True,0.1264205,1.625865,0.04849193,0.3580147,0.1248478,0.9253316,True,0.6161188,1.796634,1.314176,Data_from_ARETT
1760983981008,True,True,0.1262914,1.626348,0.04798687,0.3569803,0.1246752,0.9257544,True,0.6148443,1.796975,1.314947,Data_from_ARETT
1760983981043,True,True,0.126547,1.62622,0.04832969,0.3550425,0.1229528,0.9267294,True,0.6124658,1.794496,1.316672,Data_from_ARETT
1760983981079,True,True,0.126347,1.625971,0.04931524,0.3534043,0.1271997,0.9267824,False,0,0,0,Data_from_ARETT
1760983981112,True,True,0.1265553,1.625943,0.04868005,0.3544144,0.1288259,0.9261719,False,0,0,0,Data_from_ARETT
1760983981145,True,True,0.1271594,1.625428,0.04791566,0.3543661,0.1199073,0.9273871,True,0.6121879,1.789548,1.31725,Data_from_ARETT
1760983981179,True,True,0.1267616,1.625364,0.04872781,0.3540863,0.1172484,0.9278339,True,0.6114416,1.785856,1.318764,Data_from_ARETT
1760983981213,True,True,0.1266678,1.625571,0.04880271,0.3540338,0.1164559,0.9279537,True,0.6112869,1.784982,1.319032,Data_from_ARETT
1760983981247,True,True,0.1268531,1.625828,0.04913973,0.3536379,0.1182334,0.9278799,True,0.6109064,1.787664,1.319205,Data_from_ARETT
1760983981281,True,True,0.1269616,1.625797,0.04952807,0.352737,0.125013,0.927334,True,0.609704,1.796885,1.318642,Data_from_ARETT
1760983981315,True,True,0.1268503,1.625655,0.04885687,0.3534849,0.1246509,0.9270979,True,0.6106198,1.796249,1.317657,Data_from_ARETT
1760983981349,True,True,0.1269661,1.625304,0.04841853,0.3544608,0.1170232,0.9277194,True,0.6121619,1.785489,1.318307,Data_from_ARETT
1760983981384,True,True,0.1269648,1.625017,0.04895285,0.3539452,0.1123938,0.9284883,True,0.6115239,1.778887,1.320074,Data_from_ARETT
1760983981417,True,True,0.1264856,1.625454,0.04937777,0.3524685,0.1132615,0.9289445,True,0.6090093,1.780507,1.321088,Data_from_ARETT
1760983981451,True,True,0.1263432,1.625664,0.04933773,0.3515557,0.1159262,0.9289616,True,0.6075776,1.784352,1.320967,Data_from_ARETT
1760983981486,True,True,0.1262105,1.625426,0.05006404,0.3512269,0.1223182,0.9282661,True,0.6069141,1.792836,1.320528,Data_from_ARETT
1760983981520,True,True,0.1262614,1.625475,0.049405,0.3517805,0.1221874,0.9280736,True,0.6077242,1.792706,1.319609,Data_from_ARETT
1760983981553,True,True,0.1259314,1.625345,0.04885292,0.3525823,0.1184162,0.9282582,True,0.6085371,1.78743,1.319429,Data_from_ARETT
1760983981588,True,True,0.1259271,1.624964,0.04917672,0.3520713,0.1124424,0.9291946,True,0.6079198,1.7789,1.321263,Data_from_ARETT
1760983981622,True,True,0.1257207,1.625119,0.04944311,0.349839,0.1129255,0.9299788,True,0.6046498,1.779714,1.322583,Data_from_ARETT
1760983981656,True,True,0.1249786,1.625446,0.04992824,0.3479026,0.1151958,0.9304266,True,0.6012228,1.783138,1.32359,Data_from_ARETT
1760983981691,True,True,0.1245836,1.625512,0.05055935,0.3466993,0.1225839,0.9299316,True,0.5990876,1.793285,1.323294,Data_from_ARETT
1760983981724,True,True,0.1248339,1.625679,0.04937811,0.3461299,0.1224394,0.9301627,True,0.5985602,1.793254,1.322433,Data_from_ARETT
1760983981759,True,True,0.1247114,1.625226,0.04891054,0.3452016,0.1185586,0.93101,True,0.5972127,1.787505,1.323248,Data_from_ARETT
1760983981792,True,True,0.1243256,1.625019,0.04907725,0.3454627,0.1130961,0.9315926,True,0.5972609,1.779847,1.324419,Data_from_ARETT
1760983981827,True,True,0.1241862,1.625154,0.04934508,0.3445417,0.1128362,0.9319651,True,0.5958647,1.779627,1.325208,Data_from_ARETT
1760983981860,True,True,0.1239977,1.625653,0.04955476,0.3424259,0.1180639,0.9320973,True,0.5929025,1.787325,1.325933,Data_from_ARETT
1760983981894,True,True,0.1236182,1.625831,0.04962209,0.3423207,0.1247813,0.9312605,True,0.5921069,1.796602,1.324115,Data_from_ARETT
1760983981928,True,True,0.1237788,1.62569,0.04939961,0.3429245,0.1243626,0.9310944,True,0.593098,1.79589,1.323676,Data_from_ARETT
1760983981962,True,True,0.123774,1.625666,0.04880229,0.3427192,0.1198326,0.9317638,True,0.5927255,1.789636,1.323759,Data_from_ARETT
1760983981996,True,True,0.1235779,1.625349,0.04933921,0.3418511,0.1153551,0.9326473,True,0.5915359,1.783258,1.326035,Data_from_ARETT
1760983982030,True,True,0.1232382,1.625543,0.04943933,0.3399244,0.1143948,0.9334695,True,0.5885726,1.782142,1.327298,Data_from_ARETT
1760983982065,True,True,0.1230037,1.625689,0.04966005,0.3381503,0.1169463,0.9337976,True,0.5860153,1.785818,1.32826,Data_from_ARETT
1760983982098,True,True,0.122959,1.62551,0.05031529,0.3376315,0.1231752,0.9331843,True,0.5850462,1.794089,1.327484,Data_from_ARETT
1760983982132,True,True,0.122945,1.625595,0.04976283,0.3385395,0.1232166,0.9328498,True,0.5862745,1.794231,1.326473,Data_from_ARETT
1760983982167,True,True,0.1229607,1.625684,0.04897274,0.3398437,0.1197954,0.9328212,True,0.5880379,1.789624,1.325542,Data_from_ARETT
1760983982200,True,True,0.1228618,1.625479,0.04908272,0.3399281,0.1151325,0.9333774,True,0.5881906,1.783085,1.326787,Data_from_ARETT
1760983982235,True,True,0.1226029,1.625481,0.04951214,0.3381038,0.114716,0.934091,True,0.5854406,1.782518,1.32821,Data_from_ARETT
1760983982269,True,True,0.1221929,1.625771,0.04962965,0.336617,0.1173701,0.9342983,True,0.5831149,1.786483,1.328943,Data_from_ARETT
1760983982302,True,True,0.1221092,1.625834,0.05030748,0.3364168,0.1229572,0.9336516,True,0.5825362,1.794116,1.328122,Data_from_ARETT
1760983982337,True,True,0.1221974,1.626269,0.04925356,0.3375758,0.1251376,0.9329433,True,0.5841891,1.797527,1.32604,Data_from_ARETT
1760983982371,True,True,0.1220437,1.626176,0.04904576,0.3387026,0.1247633,0.9325849,True,0.5857255,1.796977,1.325749,Data_from_ARETT
1760983982405,True,True,0.1222809,1.626012,0.04886429,0.3378414,0.1210218,0.93339,True,0.5846786,1.791652,1.326379,Data_from_ARETT
1760983982439,True,True,0.1219619,1.625964,0.04904811,0.3348154,0.1189333,0.9347478,True,0.5802426,1.788755,1.32849,Data_from_ARETT
1760983982472,True,True,0.1215097,1.626191,0.04918399,0.3324049,0.1190525,0.9355926,True,0.5764462,1.789128,1.329656,Data_from_ARETT
1760983982507,True,True,0.1214368,1.626346,0.04972205,0.3298862,0.1252565,0.935674,True,0.5729039,1.797766,1.330243,Data_from_ARETT
1760983982541,True,True,0.1212113,1.626604,0.04878828,0.3280448,0.1303014,0.9356325,False,0,0,0,Data_from_ARETT
1760983982575,True,True,0.1208973,1.626303,0.04837601,0.325672,0.1271184,0.9368984,False,0,0,0,Data_from_ARETT
1760983982609,True,True,0.1206453,1.625821,0.04861287,0.3224726,0.1198699,0.9389583,True,0.5620207,1.78989,1.333786,Data_from_ARETT
1760983982644,True,True,0.1195111,1.625657,0.04909758,0.31127,0.1134673,0.9435233,True,0.545632,1.780991,1.340758,Data_from_ARETT
1760983982678,True,True,0.1181376,1.625609,0.04960937,0.3032886,0.1135458,0.9461096,True,0.5333313,1.78105,1.344807,Data_from_ARETT
1760983982712,True,True,0.1171538,1.625093,0.05076758,0.2959381,0.1154278,0.9482073,True,0.5222611,1.783101,1.348761,Data_from_ARETT
1760983982746,True,True,0.1161668,1.625255,0.05013411,0.2868194,0.1128571,0.9513138,True,0.5088232,1.779756,1.352485,Data_from_ARETT
1760983982781,True,True,0.1146983,1.624688,0.05047338,0.2763936,0.1106302,0.9546557,True,0.4931106,1.776153,1.357499,Data_from_ARETT
1760983982815,True,True,0.1138137,1.624492,0.05032518,0.2635752,0.1009571,0.9593413,True,0.4828258,1.765834,1.393428,Data_from_ARETT
1760983982848,True,True,0.112235,1.624662,0.0508628,0.2557373,0.1012916,0.9614252,True,0.4690257,1.765978,1.392191,Data_from_ARETT
1760983982884,True,True,0.1112772,1.624821,0.05125732,0.2505046,0.1035748,0.9625589,True,0.4543389,1.766665,1.369465,Data_from_ARETT
1760983982918,True,True,0.110328,1.62497,0.05117184,0.2442644,0.1064544,0.9638477,True,0.4448045,1.77074,1.370989,Data_from_ARETT
1760983982952,True,True,0.1100278,1.625227,0.05141472,0.2384121,0.1103396,0.9648756,True,0.4364434,1.776295,1.372448,Data_from_ARETT
1760983982986,True,True,0.1087393,1.625722,0.0501781,0.2338911,0.1139869,0.9655579,True,0.4289262,1.781765,1.371986,Data_from_ARETT
1760983983020,True,True,0.1083458,1.625339,0.0495839,0.2297498,0.1079664,0.9672426,True,0.4229298,1.773172,1.373977,Data_from_ARETT
1760983983054,True,True,0.1076007,1.624514,0.05024229,0.2259354,0.1020901,0.968778,True,0.4201546,1.765743,1.390427,Data_from_ARETT
1760983983089,True,True,0.1064329,1.624063,0.05103929,0.221495,0.1017811,0.9698353,True,0.4137575,1.765284,1.396687,Data_from_ARETT
1760983983122,True,True,0.105587,1.624217,0.05036658,0.2175067,0.1002197,0.9709,True,0.4121358,1.765464,1.41873,Data_from_ARETT
1760983983156,True,True,0.1044161,1.623951,0.05054438,0.2079794,0.1001106,0.9729967,True,0.39782,1.765181,1.423186,Data_from_ARETT
1760983983190,True,True,0.1031156,1.623352,0.05155083,0.1941016,0.1026203,0.9755991,True,0.3701065,1.764508,1.393508,Data_from_ARETT
1760983983224,True,True,0.1015191,1.624174,0.05048314,0.1813964,0.1011002,0.9781994,True,0.3547978,1.765337,1.416316,Data_from_ARETT
1760983983259,True,True,0.1006837,1.623869,0.05064174,0.1719842,0.1008688,0.9799219,True,0.3413101,1.764996,1.421669,Data_from_ARETT
1760983983292,True,True,0.09959687,1.624017,0.05038922,0.1682883,0.09903916,0.9807498,False,0,0,0,Data_from_ARETT
1760983983326,True,True,0.09930003,1.624425,0.0506397,0.1662985,0.1022967,0.9807549,True,0.3287858,1.765591,1.404046,Data_from_ARETT
