meanFix,minFix,maxFix,varFix,stdFix,meanDis,minDis,maxDis,varDis,stdDisp,freqDisPerSec,number_of_blinks,blinkMean,blinkMin,blinkMax,blinkRate,xDir,yDir,fixDensPerBB,label,duration,participant_id
444.85714285714283,102,2626,349380.52857142856,591.0841975314756,0.03162465369307023,0.027945347310054876,0.0574556880313369,7.3378562745964e-05,0.008566128807458127,2.1,0,0,0,0,0,0.6,0.4,204.06280060345844,,10,002
3339.3333333333335,921,7294,11924022.333333334,3453.117769977348,0.0262149755060868,0.02222762469967155,0.028476568186561222,1.19960045075233e-05,0.00346352486746137,0.3,0,0,0,0,0,0.5,0.5,185.72413997870876,,10,002
1403.0,204,3957,1615685.3333333333,1271.0961149076545,0.027481971529529175,0.023292606256543377,0.0289191186068599,3.523774374445645e-06,0.0018771719086023114,0.7,0,0,0,0,0,0.16666666666666666,0.16666666666666666,210.340341089007,,10,002
504.2631578947368,103,2046,351938.3157894736,593.2438923322123,0.03351766451850204,0.027607203101561565,0.06116245756927141,9.271824252221314e-05,0.009629031234875768,1.9,0,0,0,0,0,0.5555555555555556,0.4444444444444444,105.2214348551746,,10,002
799.0,102,6004,2814868.909090909,1677.7571067025492,0.0510948312390583,0.027934308446117235,0.11651800168505243,0.0009479909398259069,0.03078946150594237,1.2,0,0,0,0,0,0.45454545454545453,0.6363636363636364,18.794502500038913,,10,002
596.5,102,4776,1495382.2666666666,1222.8582365371167,0.06384386287375,0.0263807322328685,0.1931079593002651,0.0036584139888120133,0.06048482445053481,1.6,0,0,0,0,0,0.4,0.5333333333333333,17.23722371787902,,10,002
1665.3333333333333,413,3957,1928979.4666666673,1388.8770523940077,0.02621600211687966,0.015806820302329508,0.02865193434043572,2.6079839920743818e-05,0.005106842460928652,0.6,0,0,0,0,0,0.6,0.4,903.7496533338292,,10,002
10048.0,10048,10048,nan,nan,0.020224169865122897,0.020224169865122897,0.020224169865122897,nan,nan,0.1,0,0,0,0,0,-1,-1,4318.589442968852,,10,002
812.5,102,7127,3973465.909090909,1993.3554397274233,0.06435133559677743,0.00405943146192063,0.14606603613570998,0.0023057703259147435,0.04801843735394503,1.2,0,0,0,0,0,0.36363636363636365,0.5454545454545454,15.499831949386463,,10,002
9995.0,9995,9995,nan,nan,0.016712729461725084,0.016712729461725084,0.016712729461725084,nan,nan,0.1,0,0,0,0,0,-1,-1,2904.839133160965,,10,002
1079.111111111111,205,4192,1631087.611111111,1277.1404038362857,0.027251621419553205,0.01171010471567288,0.031148123521600724,3.48585190978132e-05,0.005904110356168252,0.9,0,0,0,0,0,0.0,0.75,254.48549876665396,,10,002
1214.75,102,7194,6109502.5,2471.7407833346924,0.028250779203356516,0.022492391961011365,0.031212706778703598,6.235286402433058e-06,0.0024970555465253586,0.8,0,0,0,0,0,0.8571428571428571,0.42857142857142855,296.49192240790336,,10,002
1624.1666666666667,306,5044,3065548.966666667,1750.8709166202593,0.02858199806550059,0.028026979922938906,0.029711163158293113,3.5723928823677784e-07,0.000597694979263485,0.6,0,0,0,0,0,0.2,0.4,243.4898179874878,,10,002
3306.0,1568,6374,7101084.0,2664.785920106904,0.02262729502772215,0.00898148530756346,0.030737969636680188,0.00014131444311521013,0.01188757515707935,0.3,0,0,0,0,0,1.0,1.0,184.19901916345367,,10,002
356.4583333333333,101,2593,254647.99818840573,504.6265928272169,0.03261165610594552,0.02809465391286853,0.04284899101450919,1.5517976440989063e-05,0.003939286285736169,2.4,0,0,0,0,0,0.34782608695652173,0.30434782608695654,457.36352609999045,,10,002
517.2307692307693,102,2386,529567.1923076924,727.7136746741072,0.030593363831450136,0.022116377400170948,0.038151349464163216,1.420359772193889e-05,0.0037687660741864693,1.3,0,0,0,0,0,0.75,0.3333333333333333,15.426209315565146,,10,002
706.625,101,4908,2882031.9821428573,1697.65484776584,0.03390592110339087,0.028331102212150232,0.04341865395991907,3.872141495747069e-05,0.006222653369541862,0.8,0,0,0,0,0,0.42857142857142855,0.2857142857142857,5.877017710931363,,10,002
260.75,101,989,47720.32258064516,218.44981707624558,0.030907561578369,0.02795893372180863,0.04129288692536365,1.0938010311214669e-05,0.0033072662897345698,3.2,0,0,0,0,0,0.45161290322580644,0.5806451612903226,179.14202524208588,,10,002
849.3636363636364,137,2592,789840.2545454545,888.7295733492019,0.02826661912939612,0.009358987709638444,0.03922584964865559,5.2860409805184476e-05,0.0072705164744455725,1.1,0,0,0,0,0,0.7,0.3,682.6765629801013,,10,002
2472.5,717,6513,7377744.333333333,2716.200348526105,0.027533516224865367,0.022523873034465475,0.03081171541494556,1.2450912144938173e-05,0.0035285850060524505,0.4,0,0,0,0,0,0.6666666666666666,0.3333333333333333,902.3727613799352,,10,002
253.93103448275863,101,2659,225820.49507389162,475.20573973163624,0.03290643834935599,0.027996251585126457,0.04443542806436877,1.8545340568359222e-05,0.004306430142050283,2.9,0,0,0,0,0,0.21428571428571427,0.4642857142857143,27.27424827009,,10,002
221.92592592592592,101,749,28104.14814814815,167.64291857441563,0.031684188479855845,0.0138929192592737,0.049464144625507224,3.406174170682363e-05,0.005836243801180999,2.7,0,0,0,0,0,0.46153846153846156,0.4230769230769231,11.722167441296328,,10,002
1624.5,103,6885,7165019.5,2676.7554053368417,0.02928210101895504,0.027798139995621137,0.03228234313452958,2.5948086059712324e-06,0.0016108409623458277,0.6,0,0,0,0,0,0.6,0.6,187.89480946619634,,10,002
1636.1666666666667,409,3750,1828659.7666666664,1352.2794706223513,0.027685103675400724,0.02296171230363099,0.02913277873658304,5.508327137719979e-06,0.0023469825601652814,0.6,0,0,0,0,0,0.6,0.4,1178.5092175699333,,10,002
1635.6666666666667,851,2761,791025.4666666668,889.3961247198387,0.026200763485002988,0.015868030898558576,0.028485305811942613,2.566843428498332e-05,0.005066402499306911,0.6,0,0,0,0,0,0.4,0.4,886.4531705343231,,10,002
9988.0,9988,9988,nan,nan,0.024621327696354382,0.024621327696354382,0.024621327696354382,nan,nan,0.1,0,0,0,0,0,-1,-1,1968.8568901951455,,10,002
1591.5,102,8834,12591407.9,3548.437388485247,0.03434448655734995,0.030126594174083924,0.04213310411984074,1.9394455189815014e-05,0.004403913621974779,0.6,0,0,0,0,0,0.2,0.2,161.74520848042437,,10,002
459.1764705882353,101,2488,375268.0294117647,612.5912417034418,0.03066353835418644,0.02046098461737142,0.047064581665460244,2.7295398917845326e-05,0.0052244998725088825,1.7,0,0,0,0,0,0.625,0.4375,24.346469848106643,,10,002
871.0,102,2522,826253.2,908.9847083422251,0.030975995468790193,0.016832593267330682,0.044604487423009744,4.977403368940121e-05,0.007055071487192827,1.1,0,0,0,0,0,0.4,0.5,872.9543038576539,,10,002
9988.0,9988,9988,nan,nan,0.012722576230049765,0.012722576230049765,0.012722576230049765,nan,nan,0.1,0,0,0,0,0,-1,-1,3079.2990390482223,,10,002
2463.0,204,6271,7261682.0,2694.7508233601116,0.029712691025057816,0.02807882345017219,0.033322777241103954,5.934186949235713e-06,0.002436018667669793,0.4,0,0,0,0,0,0.0,0.3333333333333333,408.17724589707393,,10,002
1949.4,103,6680,7697625.800000001,2774.459550975649,0.03030094988130218,0.028121239615253604,0.03479624123419515,8.691689455696241e-06,0.0029481671349664423,0.5,0,0,0,0,0,0.25,0.5,99.15512913498927,,10,002
1950.6,103,3206,1698572.3,1303.29286808453,0.027470101925552253,0.012938172214834936,0.03538323052148351,7.300701553301102e-05,0.008544414288470043,0.5,0,0,0,0,0,0.75,0.5,109.73209163838801,,10,002
4978.5,4196,5761,1224612.5,1106.6221125569468,0.015941295690906486,0.0037302777831825884,0.028152313598630387,0.0002982179166855075,0.017268987135483874,0.2,0,0,0,0,0,0.0,1.0,5543.748638324619,,10,002
622.1875,240,3307,561717.2291666666,749.4779711016639,0.028233353950643626,0.007754326570134361,0.036438977802746415,3.363366603868275e-05,0.005799453943146954,1.6,0,0,0,0,0,0.5333333333333333,0.6,424.5640519530315,,10,002
1005.2,306,3100,831845.5111111113,912.0556513234876,0.025682833095303427,0.0,0.029604318431547413,8.174827193232401e-05,0.009041475097146704,1.0,0,0,0,0,0,0.5555555555555556,0.5555555555555556,1056.8279906414182,,10,002
5011.5,4431,5592,673960.5,820.9509729575817,0.027438277726751593,0.0268713210462554,0.028005234407247784,6.42879755118524e-07,0.0008017978268357454,0.2,0,0,0,0,0,0.0,1.0,4071.3424330232474,,10,002
1012.3,305,1536,169039.7888888889,411.1444866332138,0.028076615986571712,0.02685340044152534,0.028889491849897943,2.823908112485095e-07,0.00053140456457252,1.0,0,0,0,0,0,0.4444444444444444,0.5555555555555556,1188.7936430942093,,10,002
3366.6666666666665,238,7199,12485240.333333334,3533.445957324568,0.02753601515993119,0.02524098704608681,0.028950435585485164,4.021604542118279e-06,0.0020053938620925014,0.3,0,0,0,0,0,1.0,1.0,140.3040326417892,,10,002
1475.0,375,4498,2002856.0,1415.222950633574,0.027951869660958212,0.017821377259544573,0.03709456699993841,3.1119570659937156e-05,0.005578491790792306,0.7,0,0,0,0,0,0.6666666666666666,0.8333333333333334,1013.1836495113253,,10,002
2032.6,375,6072,5388651.300000001,2321.346871968944,0.024449952803852606,0.006304260841391566,0.0309085752383585,0.00010423035398398692,0.010209326813457728,0.5,0,0,0,0,0,0.25,0.25,124.25575250207537,,10,002
982.2,443,3547,1032797.9555555558,1016.2666754132774,0.036716481482987985,0.01776523404063675,0.066819531962719,0.00021703196893249193,0.014732004918967817,1.0,0,0,0,0,0,0.5555555555555556,0.5555555555555556,53.36948721490392,,10,002
1990.6,374,5934,5967779.800000001,2442.9039686406013,0.02820530526350934,0.019214207647494555,0.03172337693336434,2.678038153168377e-05,0.005174976476437721,0.5,0,0,0,0,0,0.5,0.5,139.4265234391684,,10,002
3001.0,3001,3001,nan,nan,0.0018145389974136116,0.0018145389974136116,0.0018145389974136116,nan,nan,0.1,0,0,0,0,0,-1,-1,399286.95296012284,,10,002
1446.857142857143,273,7944,8219859.476190475,2867.029730608051,0.027401353818677438,0.016497388071598857,0.03201764813872117,2.481270840788082e-05,0.004981235630632306,0.7,0,0,0,0,0,0.6666666666666666,0.6666666666666666,318.73332977220974,,10,002
9958.0,9958,9958,nan,nan,0.008063638636135155,0.008063638636135155,0.008063638636135155,nan,nan,0.1,0,0,0,0,0,-1,-1,7859.778227837037,,10,002
10123.0,10123,10123,nan,nan,0.026919610677590567,0.026919610677590567,0.026919610677590567,nan,nan,0.1,0,0,0,0,0,-1,-1,520.5812347941212,,10,002
10261.0,10261,10261,nan,nan,0.009099357057920573,0.009099357057920573,0.009099357057920573,nan,nan,0.1,0,0,0,0,0,-1,-1,6892.904415148625,,10,002
1635.8333333333333,103,8384,10955788.166666668,3309.952894931689,0.03076225289934693,0.022904208301488198,0.0354280607895278,1.9591731353197288e-05,0.0044262547772577765,0.6,0,0,0,0,0,0.2,0.8,290.8746427005379,,10,002
9983.0,9983,9983,nan,nan,0.015517938633850521,0.015517938633850521,0.015517938633850521,nan,nan,0.1,0,0,0,0,0,-1,-1,1069.383697347077,,10,002
4961.5,374,9549,42090312.5,6487.704717386574,0.017843145920869174,0.007724909015804928,0.027961382825933422,0.0002047574361340082,0.014309347858445828,0.2,0,0,0,0,0,0.0,1.0,3584.6614492830763,,10,002
4976.5,1466,8487,24647220.5,4964.59671071075,0.018725323613895985,0.009459852282755726,0.027990794945036247,0.00017169791797636415,0.013103355218277652,0.2,0,0,0,0,0,1.0,0.0,967.2740214062976,,10,002
618.2857142857143,135,1363,252921.2380952381,502.9127539596089,0.02733452016704083,0.011798895040767492,0.033256246833753354,5.031185994792775e-05,0.0070930853616693315,0.7,0,0,0,0,0,0.6666666666666666,0.6666666666666666,14.89448430585724,,10,002
467.4117647058824,102,2526,517010.38235294115,719.034340176421,0.028799389449677318,0.004256193795800258,0.03710491768638705,4.7475867936593936e-05,0.006890273429740937,1.7,0,0,0,0,0,0.4375,0.5,16.970563683042826,,10,002
705.5384615384615,102,3887,1051634.935897436,1025.492533321153,0.027714691126998228,0.006351534133915873,0.03295136603024163,4.3607245858792876e-05,0.00660357826172999,1.3,0,0,0,0,0,0.5833333333333334,0.4166666666666667,39.71177480409311,,10,002
1260.857142857143,101,3987,2063009.8095238095,1436.3181435614497,0.030616369734078008,0.024023133823742316,0.03467549509585156,1.3954803379504268e-05,0.0037356128519299573,0.7,0,0,0,0,0,0.3333333333333333,0.8333333333333334,19.70836835858963,,10,002
4979.0,3104,6854,7031250.0,2651.650429449553,0.026509000401743008,0.024959173699127767,0.02805882710435825,4.803925616278461e-06,0.002191785942166447,0.2,0,0,0,0,0,1.0,0.0,1816.7034403024877,,10,002
954.5,101,6443,3819406.5,1954.3301921630336,0.029287408892052853,0.027934540891914904,0.03180761080479934,1.3937196565683926e-06,0.0011805590440839427,1.0,0,0,0,0,0,0.2222222222222222,0.2222222222222222,135.2328625389509,,10,002
2464.25,240,4092,2610741.5833333335,1615.7789401193882,0.023432345648262402,0.00953561170196212,0.028170824447822894,8.58394635971231e-05,0.009264958909629502,0.4,0,0,0,0,0,0.3333333333333333,0.6666666666666666,1296.5397711084752,,10,002
917.2222222222222,102,3411,1304084.9444444445,1141.9653867103173,0.031111662935198466,0.02346381067325979,0.03812524063694444,2.3447789409739292e-05,0.004842291751819513,0.9,0,0,0,0,0,0.375,0.375,10.331779511405262,,10,002
509.8333333333333,102,1809,313527.20588235295,559.9350014799512,0.032383501083860115,0.02478332448917607,0.04741496570914783,3.711764532256931e-05,0.006092425241442796,1.8,0,0,0,0,0,0.17647058823529413,0.5882352941176471,60.8490886746147,,10,002
9986.0,9986,9986,nan,nan,0.017770837286363965,0.017770837286363965,0.017770837286363965,nan,nan,0.1,0,0,0,0,0,-1,-1,1396.6038176828247,,10,002
9985.0,9985,9985,nan,nan,0.010649700227928978,0.010649700227928978,0.010649700227928978,nan,nan,0.1,0,0,0,0,0,-1,-1,3312.381690603192,,10,002
622.3333333333334,101,6991,3106147.80952381,1762.4266820278824,0.03179134035043422,0.02058642186754354,0.04976573413807356,3.738522551463915e-05,0.006114345877903797,1.5,0,0,0,0,0,0.5,0.5,300.1334512289477,,10,002
488.0,102,1941,216265.66666666666,465.04372554273505,0.030284340650503817,0.023425821929394176,0.03779607154057857,1.0977843893914511e-05,0.0033132829480614105,1.9,0,0,0,0,0,0.3888888888888889,0.5555555555555556,178.50195454883283,,10,002
1636.6666666666667,613,3548,1274256.6666666667,1128.8297775425074,0.027683515784452255,0.023563905896504384,0.029046288944939897,4.17426035442455e-06,0.0020431006716323478,0.6,0,0,0,0,0,0.6,0.6,1136.5340702840567,,10,002
1219.125,409,2284,559776.9821428572,748.1824524424889,0.02679132655029269,0.013414208203176103,0.03000655836662638,2.962768006714881e-05,0.0054431314578235945,0.8,0,0,0,0,0,0.42857142857142855,0.5714285714285714,1076.2202278121072,,10,002
490.0,170,885,60815.0,246.60697475943377,0.029355930011341888,0.02795430021809893,0.03300569424567051,2.372471275203652e-06,0.0015402828555832373,1.9,0,0,0,0,0,0.5555555555555556,0.3888888888888889,1229.381940875718,,10,002
522.9444444444445,170,1163,53124.76143790849,230.4880939179039,0.028495424348983875,0.011357454514248915,0.034883392323681824,2.1215079589590024e-05,0.004605983020983688,1.8,0,0,0,0,0,0.5294117647058824,0.4117647058823529,991.7441625872772,,10,002
564.7857142857143,104,2726,434374.02747252764,659.070578521396,0.030098746654792508,0.007372013838731679,0.054561883103021486,8.817759218402653e-05,0.009390292444009745,1.4,0,0,0,0,0,0.5384615384615384,0.3076923076923077,15.622136948043886,,10,002
545.4705882352941,103,1363,133803.76470588235,365.7919691653746,0.028483623127051657,0.009975150205105244,0.03766472223294844,2.8214171170490787e-05,0.0053117013442484495,1.7,0,0,0,0,0,0.6875,0.625,309.98963075144223,,10,002
1064.5555555555557,102,6611,4396252.027777778,2096.7241181847885,0.03219551469740703,0.019186053120791694,0.046174435279147205,5.6504786958673086e-05,0.0075169666061964836,0.9,0,0,0,0,0,0.375,0.25,209.32439875108204,,10,002
1590.1666666666667,102,3066,1707540.9666666668,1306.7291099025333,0.028967861689017257,0.02699389370835764,0.03224877314214689,3.191789872122139e-06,0.0017865581076813985,0.6,0,0,0,0,0,0.4,0.6,2230.012000140686,,10,002
1392.857142857143,340,2831,907324.8095238096,952.5359885714605,0.02836291635200505,0.028113831493583707,0.028961871413431525,8.844287665418928e-08,0.00029739347110215665,0.7,0,0,0,0,0,0.3333333333333333,0.6666666666666666,331.2258329331445,,10,002
1398.4285714285713,478,3753,1572278.6190476187,1253.905346925205,0.0279514748284691,0.021253077700630927,0.031208212241239902,9.79006622263017e-06,0.0031289081518367026,0.7,0,0,0,0,0,0.6666666666666666,0.6666666666666666,2035.746721754502,,10,002
9988.0,9988,9988,nan,nan,0.020889047837850713,0.020889047837850713,0.020889047837850713,nan,nan,0.1,0,0,0,0,0,-1,-1,792.1838136763593,,10,002
1970.4,614,3919,1691168.7999999998,1300.44946076347,0.028045508850033662,0.025941121714574307,0.029895033212368975,1.980141938286604e-06,0.0014071751626171505,0.5,0,0,0,0,0,0.5,0.5,1508.8022216602292,,10,002
877.0909090909091,204,1670,185270.49090909094,430.43058779446767,0.027321448923606384,0.013048326507366443,0.03032275894316139,2.279139664420719e-05,0.0047740335822244895,1.1,0,0,0,0,0,0.5,0.2,974.1943882522243,,10,002
294.13793103448273,101,2562,215294.69458128078,463.9985932966616,0.03198236040778632,0.014529495244563859,0.040081625576398765,2.5064405709531677e-05,0.00500643642819238,2.9,0,0,0,0,0,0.5357142857142857,0.42857142857142855,264.47215564973607,,10,002
9988.0,9988,9988,nan,nan,0.021012301435726834,0.021012301435726834,0.021012301435726834,nan,nan,0.1,0,0,0,0,0,-1,-1,843.4872608607656,,10,002
4977.0,886,9068,33472562.0,5785.547683668332,0.01878680262722221,0.009561379413988541,0.02801222584045588,0.0001702168669265413,0.013046718626786634,0.2,0,0,0,0,0,0.0,1.0,1285.725492431379,,10,002
1125.375,103,7196,6060839.410714285,2461.8772127614907,0.03479613563631331,0.02903257342757688,0.04555302739491018,3.524755135528701e-05,0.005936964826852776,0.8,0,0,0,0,0,0.42857142857142855,0.5714285714285714,370.472728677696,,10,002
613.6,102,2761,513500.68571428576,716.589621550777,0.03239160358981022,0.02462677427933563,0.04623858098809579,3.367111560895138e-05,0.005802681760096048,1.5,0,0,0,0,0,0.7142857142857143,0.35714285714285715,503.6578948630953,,10,002
662.0,101,4942,1866972.0,1366.371838117282,0.03368430050810646,0.028013673873851133,0.044443461771025976,2.1927028191341916e-05,0.004682630477770152,1.4,0,0,0,0,0,0.38461538461538464,0.46153846153846156,345.6584626990638,,10,002
887.0,137,2149,654378.0,808.9363386571282,0.030103119926656152,0.023803045779490103,0.033608764760064226,9.143779713943202e-06,0.0030238683360793344,0.9,0,0,0,0,0,0.5,0.5,14.55933065030978,,10,002
344.6842105263158,101,1740,157567.11695906433,396.947247073291,0.032159135489984746,0.013853317906714683,0.05266755165676729,5.6852289837489374e-05,0.007540045745052836,1.9,0,0,0,0,0,0.6111111111111112,0.5555555555555556,24.014709621083497,,10,002
3275.3333333333335,273,8529,20841760.333333332,4565.277684142919,0.029485965271995023,0.02819406783564027,0.031762803045210085,3.911548349386708e-06,0.00197776347154727,0.3,0,0,0,0,0,0.0,0.5,208.54634376089584,,10,002
1484.5,341,2628,2615184.5,1617.1532085736342,0.029212832493168545,0.028663612579311635,0.029762052407025456,6.032850275539841e-07,0.0007767142509018256,0.2,0,0,0,0,0,0.0,0.0,683.6865813819761,,10,002
1188.5,104,5352,2979748.8571428573,1726.1949070550686,0.02675232417134636,0.006624384285003789,0.037028353928850836,7.535234315553928e-05,0.008680572743519823,0.8,0,0,0,0,0,0.7142857142857143,0.42857142857142855,29.110892760208557,,10,002
257.76,101,682,36935.19,192.18530120693416,0.032793997467051444,0.019375633490083685,0.045992350452625674,2.8457244016401732e-05,0.005334533158243722,2.5,0,0,0,0,0,0.4583333333333333,0.5416666666666666,30.912025336214253,,10,002
383.23809523809524,102,3406,550805.6904761904,742.1628463323871,0.03286459597835413,0.009030748609643691,0.04246389832259758,4.2691896616819624e-05,0.00653390362775727,2.1,0,0,0,0,0,0.4,0.45,101.59568847686398,,10,002
313.45,101,1261,85981.6289473684,293.2262419146151,0.03181856716388853,0.027317876459641767,0.04611845761851958,2.106855141008543e-05,0.004590049172948524,2.0,0,0,0,0,0,0.5263157894736842,0.631578947368421,21.584667119902274,,10,002
442.85,102,2764,488865.2921052633,699.1890245886754,0.030691053195881463,0.01574991841073907,0.03813612152731225,2.329957193997755e-05,0.00482696301415057,2.0,0,0,0,0,0,0.3157894736842105,0.3684210526315789,30.301720388216836,,10,002
207.95238095238096,101,1364,79804.04761904762,282.49610195372185,0.03488003563120139,0.030129521326649186,0.04319737788680198,1.2800848717784877e-05,0.0035778273739498494,2.1,0,0,0,0,0,0.5,0.55,10.748492403810511,,10,002
227.93103448275863,101,683,30039.78078817734,173.3198799566205,0.0322676526532039,0.02376678225005365,0.03908955450066055,1.5796758718829875e-05,0.003974513645570974,2.9,0,0,0,0,0,0.5714285714285714,0.5357142857142857,63.378357079525856,,10,002
255.17241379310346,102,1260,63295.57635467979,251.5861211487625,0.03125859550033518,0.024136952794400396,0.04065430350670215,1.1234473088626165e-05,0.0033517865517699906,2.9,0,0,0,0,0,0.35714285714285715,0.5,13.463270562428473,,10,002
1969.8,103,4600,4493200.699999999,2119.717127354497,0.030994086796027935,0.024712569984934575,0.03698216683032794,2.2500283313761636e-05,0.004743446354051202,0.5,0,0,0,0,0,1.0,0.25,521.9913232498474,,10,002
265.16129032258067,101,958,76112.4064516129,275.8847702422388,0.03323810807745691,0.027976181220515924,0.047236715828683745,2.9172596957830107e-05,0.005401166259043514,3.1,0,0,0,0,0,0.5,0.6,584.7104267494267,,10,002
792.6666666666666,102,6034,2858498.424242424,1690.7094440625876,0.030623924536146808,0.02224408100976039,0.03877656800619854,2.0468990871891703e-05,0.004524266887783224,1.2,0,0,0,0,0,0.5454545454545454,0.45454545454545453,630.5717342319341,,10,002
566.9375,102,3273,679598.0625,824.37737869255,0.03211688364927038,0.02813993964885019,0.0442352297820391,2.5597175479810976e-05,0.00505936512616069,1.6,0,0,0,0,0,0.4,0.3333333333333333,544.5821242551324,,10,002
9990.0,9990,9990,nan,nan,0.017880760518056392,0.017880760518056392,0.017880760518056392,nan,nan,0.1,0,0,0,0,0,-1,-1,1154.0266947401562,,10,002
721.4615384615385,102,4262,1348960.9358974358,1161.447775794261,0.030503131119995898,0.017955327382662124,0.034973941319564515,2.1008746060899938e-05,0.004583529869096517,1.3,0,0,0,0,0,0.6666666666666666,0.5,81.34180898193944,,10,002
398.36842105263156,101,3069,475677.91228070174,689.6940715133788,0.0335301006071506,0.028221061662679913,0.053352315760153465,3.6982225174242675e-05,0.006081301273102877,1.9,0,0,0,0,0,0.5555555555555556,0.4444444444444444,31.09366624094655,,10,002
184.9047619047619,101,1160,51669.29047619047,227.3087998212794,0.031874321741843736,0.012939847543146121,0.042296732695805084,3.558520422727998e-05,0.005965333538644757,2.1,0,0,0,0,0,0.2,0.4,7.1753174550827215,,10,002
1758.8,102,5996,6351405.699999999,2520.1995357510878,0.034449546170153944,0.019889134920425506,0.048468236798056896,0.00014419432912047794,0.012008094316771415,0.5,0,0,0,0,0,0.25,0.25,11.714609934993165,,10,002
504.07142857142856,101,4636,1435375.7637362638,1198.0716855581989,0.03610041143346266,0.02429485672166451,0.060132890795493624,9.884958896830622e-05,0.009942313059258707,1.4,0,0,0,0,0,0.6153846153846154,0.46153846153846156,9.375127126671876,,10,002
323.08,101,2453,242840.66000000003,492.7886565252898,0.032824581661382204,0.012050921809625635,0.0541895223795371,5.7629574822054315e-05,0.0075914145468452925,2.5,0,0,0,0,0,0.5416666666666666,0.5416666666666666,49.91450479037308,,10,002
906.7,102,7157,4852666.233333334,2202.876808478707,0.033585253330626834,0.001733605663401157,0.04868494200117581,0.00017804474529315516,0.013343340859513227,1.0,0,0,0,0,0,0.2222222222222222,0.1111111111111111,74.58198030919561,,10,002
4975.0,953,8997,32352968.0,5687.966947864588,0.016991613667841767,0.005950752625203994,0.02803247471047954,0.00024380122512567296,0.015614135426775092,0.2,0,0,0,0,0,0.0,1.0,1889.6677607573074,,10,002
686.7692307692307,101,5519,2178387.3589743595,1475.9360958301547,0.03319470295524678,0.024006586302846605,0.04429543917106932,2.9699799879301078e-05,0.005449752276874709,1.3,0,0,0,0,0,0.75,0.3333333333333333,76.78870329944971,,10,002
471.1666666666667,102,2521,447526.14705882355,668.9739509568542,0.034546912462384276,0.02617573373374041,0.06663411009004927,8.73198610254009e-05,0.009344509672818628,1.8,0,0,0,0,0,0.4117647058823529,0.47058823529411764,30.532102999258893,,10,002
439.44444444444446,101,2966,898808.2777777779,948.0549972326384,0.038169691385040255,0.02801436012395255,0.05365655533756135,9.305595990375201e-05,0.009646551710520812,0.9,0,0,0,0,0,0.625,0.375,4.230707181369215,,10,002
335.25,102,1329,153582.93181818182,391.89658306520334,0.045918522914187083,0.02933637262688507,0.14506839049194914,0.0010061830235801217,0.03172038813728675,1.2,0,0,0,0,0,0.2727272727272727,0.36363636363636365,5.022057304321017,,10,002
272.6923076923077,102,1430,75532.14153846152,274.8311145748631,0.03127035210861725,0.010480448972429566,0.04698616679008572,4.540082828751797e-05,0.006738013675224915,2.6,0,0,0,0,0,0.44,0.4,46.14170369038835,,10,002
453.8421052631579,102,1331,214612.3625730994,463.26273600744037,0.0313147712881673,0.02263422917905327,0.04824093627766094,2.7323638217463425e-05,0.005227201757868489,1.9,0,0,0,0,0,0.3888888888888889,0.3888888888888889,87.20716905467198,,10,002
507.5,102,1946,304536.5333333333,551.8482883305278,0.031090616798993272,0.021586060183048414,0.042642971427335336,2.04765743038298e-05,0.0045251048942350275,1.6,0,0,0,0,0,0.4666666666666667,0.6666666666666666,31.632769700261804,,10,002
630.6428571428571,101,4566,1448374.2472527476,1203.4842114679975,0.03239371294266762,0.02794822638442656,0.04183930847454538,2.165886681233463e-05,0.0046539087670832814,1.4,0,0,0,0,0,0.46153846153846156,0.38461538461538464,180.2814599861327,,10,002
238.625,102,545,26170.553571428572,161.77315466859318,0.02690499336609454,0.013357474235345116,0.03063534162376356,3.080120027308275e-05,0.005549882906249712,0.8,0,0,0,0,0,0.7142857142857143,0.14285714285714285,40.2690365174257,,10,002
256.8235294117647,101,1499,121890.51336898399,349.12821909577,0.029155328409280767,0.011900349082912869,0.03370572908381106,1.1818948613698495e-05,0.003437869778467255,3.4,0,0,0,0,0,0.3939393939393939,0.6060606060606061,96.99613172216749,,10,002
413.57142857142856,101,2078,298129.4571428572,546.0123232518266,0.03250663179831311,0.014177226309293368,0.059433387655104856,7.749319954815637e-05,0.008803022182645934,2.1,0,0,0,0,0,0.3,0.45,50.14294530719263,,10,002
400.625,101,1497,192979.31666666668,439.29411180513983,0.03263145681021767,0.0205746184117129,0.04423409564235154,3.715753411192557e-05,0.006095698000387287,1.6,0,0,0,0,0,0.6666666666666666,0.4666666666666667,17.708532347375986,,10,002
458.3888888888889,102,3955,814395.8986928106,902.4388614708537,0.03241740325324072,0.028007578393842967,0.03988865342490315,1.1691562501678986e-05,0.003419292690261977,1.8,0,0,0,0,0,0.4117647058823529,0.7058823529411765,37.0377906404967,,10,002
197.45833333333334,102,922,38329.38949275362,195.77893015529943,0.03279880429484164,0.019992969286573143,0.0516372094736959,3.4854608350655335e-05,0.00590377915835741,2.4,0,0,0,0,0,0.391304347826087,0.391304347826087,17.41216815152006,,10,002
389.0,102,3270,447689.8095238095,669.0962632714441,0.031812947984531964,0.018820557575818856,0.04392217152244945,3.0172445905022733e-05,0.005492945103041057,2.2,0,0,0,0,0,0.23809523809523808,0.42857142857142855,303.8978540435942,,10,002
1114.1666666666667,102,3413,2344990.9666666663,1531.3363336206278,0.029238201498768285,0.01800899308110853,0.036392937980227594,3.652221671792455e-05,0.006043361375751457,0.6,0,0,0,0,0,0.6,0.6,2.390557907179556,,10,002
224.88,101,1226,52306.10999999999,228.70529071274234,0.031452844124876325,0.01737794249363519,0.04018105700636148,2.049625547456575e-05,0.004527279036525775,2.5,0,0,0,0,0,0.3333333333333333,0.3333333333333333,33.783942973255115,,10,002
445.0,102,3885,929430.1428571428,964.0695736600875,0.032290244829041984,0.028176841590074744,0.042439613181630094,1.9185673502820687e-05,0.004380145374621793,1.5,0,0,0,0,0,0.7857142857142857,0.21428571428571427,14.713806263332216,,10,002
249.72,101,820,38627.54333333333,196.53891048169908,0.033427506717068706,0.02829374076387095,0.04682091405433763,2.9277394739699882e-05,0.005410858965053504,2.5,0,0,0,0,0,0.375,0.5416666666666666,20.930076314453498,,10,002
335.2916666666667,101,2731,290405.0851449276,538.8924615773797,0.03333560442680999,0.028468414184691895,0.04227591818392325,1.4954749015041736e-05,0.0038671370566663054,2.4,0,0,0,0,0,0.2608695652173913,0.5217391304347826,49.235155540297896,,10,002
932.625,101,3171,1256537.125,1120.953667641977,0.0302348572014792,0.02805729407907704,0.035047012642030105,7.626044520010111e-06,0.002761529380616855,0.8,0,0,0,0,0,0.8571428571428571,0.42857142857142855,12.949340706038953,,10,002
272.77777777777777,101,647,29912.694444444445,172.9528676965041,0.029692409483225254,0.027969390214964137,0.033452438522301,3.798119630821163e-06,0.0019488765047640045,0.9,0,0,0,0,0,0.625,0.5,279.0862403319341,,10,002
179.3684210526316,101,512,12832.401137980089,113.28018863852624,0.030291803089251716,0.027995417198662276,0.043235103348441946,1.1433642390623774e-05,0.003381366941138417,3.8,0,0,0,0,0,0.5945945945945946,0.3783783783783784,147.7885218213356,,10,002
465.2352941176471,102,2455,521627.44117647054,722.2378009883383,0.02948420094670152,0.02522800947392335,0.03557405531897838,4.6383801660673906e-06,0.002153689895520567,1.7,0,0,0,0,0,0.25,0.5,23.132835940681428,,10,002
412.55,101,3237,495147.94473684207,703.6674958649447,0.030020026236643692,0.027946510374015823,0.036629807106348146,3.981078075970918e-06,0.0019952639113588254,2.0,0,0,0,0,0,0.6842105263157895,0.21052631578947367,29.563967990215826,,10,002
170.44444444444446,101,478,10739.641025641024,103.63223931596298,0.03273785668182,0.028026294031604712,0.07456018119551315,8.907165960717577e-05,0.009437778319455048,2.7,0,0,0,0,0,0.2692307692307692,0.3076923076923077,16.697807382899338,,10,002
386.3809523809524,102,1701,215555.34761904768,464.2793853048482,0.0297460071004396,0.0273584029677347,0.035115193120700446,4.485683939480312e-06,0.0021179433277310118,2.1,0,0,0,0,0,0.25,0.25,32.86264568448463,,10,002
251.27272727272728,101,817,41737.54112554113,204.29767772919283,0.0314279472879154,0.006852078513712643,0.05247965046698661,6.521148180015259e-05,0.00807536264202126,2.2,0,0,0,0,0,0.42857142857142855,0.42857142857142855,16.36679830043801,,10,002
764.4166666666666,102,2114,433302.99242424243,658.2575426261687,0.030956146054004426,0.020524827432152316,0.043006126340082905,3.469070881035032e-05,0.0058898819012226655,1.2,0,0,0,0,0,0.7272727272727273,0.6363636363636364,748.8889806972179,,10,002
733.0,102,4906,1751798.5454545454,1323.5552672459678,0.030437423706441785,0.025316509478290533,0.04257899363273717,1.7649330792773825e-05,0.00420111066181002,1.2,0,0,0,0,0,0.36363636363636365,0.36363636363636365,30.612095645851067,,10,002
313.11764705882354,101,1535,152929.11029411768,391.0615172758855,0.03591379703355295,0.02800694752147129,0.05746782673297432,8.067826863839654e-05,0.00898210825131809,1.7,0,0,0,0,0,0.5625,0.75,12.953600336711192,,10,002
331.55555555555554,102,1874,218163.4379084967,467.0796911753889,0.034134751535763605,0.02794725782122939,0.0423955415734487,1.9192750841010157e-05,0.004380953188634884,1.8,0,0,0,0,0,0.35294117647058826,0.4117647058823529,10.279141977946853,,10,002
321.42857142857144,102,819,66689.51322751322,258.2431281322181,0.03169406998155361,0.010313155374185066,0.04461725212453103,3.814605509369055e-05,0.006176249273927547,2.8,0,0,0,0,0,0.48148148148148145,0.4444444444444444,514.7892020390949,,10,002
307.0,307,307,nan,nan,0.01772416760917408,0.01772416760917408,0.01772416760917408,nan,nan,0.1,0,0,0,0,0,-1,-1,9879.892873143524,,10,002
355.76190476190476,101,1297,116070.39047619049,340.691048423921,0.029251932940993194,0.0239285850678666,0.038391632828501825,7.183150375721898e-06,0.0026801399918142147,2.1,0,0,0,0,0,0.55,0.55,35.60169017789699,,10,002
486.0,101,1910,287013.06666666665,535.7360046391008,0.0288414218576517,0.02016054285935338,0.0334964782773079,7.462494467894967e-06,0.0027317566633752294,1.6,0,0,0,0,0,0.6,0.4,34.60049873091259,,10,002
864.4545454545455,137,3545,1221586.272727273,1105.2539403807946,0.028109004307839813,0.021419418020228488,0.030952222155361114,5.622160276570144e-06,0.0023711095032853597,1.1,0,0,0,0,0,0.3,0.4,329.248814064418,,10,002
2480.25,988,4328,2064413.5833333333,1436.80673137807,0.02782709953626019,0.026516451711532045,0.02863457036923612,8.359072025756149e-07,0.0009142796085310089,0.4,0,0,0,0,0,0.6666666666666666,0.3333333333333333,3494.6329401703188,,10,002
573.3636363636364,102,2248,418990.0545454545,647.2944110259677,0.029155405862687986,0.027938570574071758,0.032154482976117886,2.167187810710803e-06,0.0014721371575742537,1.1,0,0,0,0,0,0.7,0.6,7.604294451393513,,10,002
318.92,102,2830,317338.32666666666,563.327903326887,0.0315832471492834,0.02697890291267925,0.04664818713990714,2.9863280157072547e-05,0.005464730565825963,2.5,0,0,0,0,0,0.25,0.375,59.35130497976202,,10,002
353.7916666666667,102,1193,122682.95471014491,350.26126635719356,0.029711809303568888,0.023860681592994835,0.03664329543420853,6.551397941132005e-06,0.002559569874242937,2.4,0,0,0,0,0,0.43478260869565216,0.43478260869565216,73.0282540119875,,10,002
2488.25,512,6713,8106496.916666667,2847.191057282013,0.025918619441097076,0.016614751269428754,0.029901515690100692,3.8867851135182935e-05,0.006234408643583041,0.4,0,0,0,0,0,0.6666666666666666,0.6666666666666666,2040.271310895606,,10,002
880.6363636363636,102,3241,837638.2545454546,915.2257942963881,0.028814939132014362,0.027977756897503665,0.03143459041617019,1.0665534716219284e-06,0.001032740757219317,1.1,0,0,0,0,0,0.4,0.4,638.2754201219001,,10,002
392.8695652173913,101,1399,147518.39130434787,384.0812300859648,0.029603830878415494,0.004768077458998263,0.040485920338971304,4.5268591051738484e-05,0.006728193743623803,2.3,0,0,0,0,0,0.5454545454545454,0.2727272727272727,99.82411205428382,,10,002
1064.111111111111,102,2896,827546.361111111,909.695751947381,0.026997783179595995,0.013274630501981083,0.031775279245384806,2.794345812021587e-05,0.0052861572167516805,0.9,0,0,0,0,0,0.375,0.375,87.23301637154655,,10,002
667.5,102,2797,909569.6538461539,953.7136120692385,0.029410703977010327,0.026202321729330735,0.03338177579726268,3.5188708906435337e-06,0.0018758653711403528,1.4,0,0,0,0,0,0.3076923076923077,0.6153846153846154,403.73714995943124,,10,002
268.07142857142856,102,717,39430.37912087912,198.57084156763582,0.02972311954923237,0.02796246096329683,0.033131628519773776,2.791118449807116e-06,0.001670664074494665,1.4,0,0,0,0,0,0.6153846153846154,0.8461538461538461,269.99956607808906,,10,002
194.57142857142858,101,714,19797.14285714286,140.70232001336316,0.030472974207576293,0.020416038672758978,0.040841212037452244,1.601615058387441e-05,0.004002018313785484,2.8,0,0,0,0,0,0.5555555555555556,0.5555555555555556,49.53338974270451,,10,002
1231.375,102,3445,1129257.4107142857,1062.6652392518943,0.026674245953011124,0.009259593939948754,0.03138073351880689,5.122688520074665e-05,0.0071572959419564765,0.8,0,0,0,0,0,0.42857142857142855,0.42857142857142855,1212.7652459938245,,10,002
738.6666666666666,101,4158,1399897.8787878791,1183.1728017444786,0.03030239626200255,0.027946616808176387,0.03737346183908078,8.835747550420545e-06,0.002972498536655745,1.2,0,0,0,0,0,0.36363636363636365,0.45454545454545453,80.55778573366587,,10,002
570.4666666666667,101,2216,532426.4095238094,729.6755508606612,0.029461502266061364,0.004200315430593052,0.04293428586948931,6.773924233082452e-05,0.008230385308770453,1.5,0,0,0,0,0,0.5714285714285714,0.7857142857142857,34.05523967775676,,10,002
463.65,101,1911,267485.1868421052,517.1897010209167,0.027912149633956874,0.015085441910111254,0.03128587743046517,9.901105546319027e-06,0.003146602222448689,2.0,0,0,0,0,0,0.3157894736842105,0.42105263157894735,242.5759021861735,,10,002
1095.111111111111,102,5149,3650932.611111111,1910.7413773483609,0.027650140509323757,0.012964254019038056,0.033911737719035676,3.357386610704795e-05,0.005794295997534813,0.9,0,0,0,0,0,0.5,0.625,1906.3254688795114,,10,002
9987.0,9987,9987,nan,nan,0.012437634796946805,0.012437634796946805,0.012437634796946805,nan,nan,0.1,0,0,0,0,0,-1,-1,13516.452441047886,,10,002
618.5714285714286,102,4705,1481034.2637362638,1216.9775115984123,0.028343822739302253,0.013337446225875647,0.032298405909490964,2.044855563259146e-05,0.00452200792044767,1.4,0,0,0,0,0,0.15384615384615385,0.3076923076923077,90.33561019665271,,10,002
2438.25,171,8695,17418352.916666668,4173.530030641527,0.023852850347328116,0.006950426160091777,0.03148378366816287,0.00012900483490589694,0.011358029534470182,0.4,0,0,0,0,0,0.3333333333333333,0.6666666666666666,58.87394517340927,,10,002
898.0909090909091,101,2319,706581.890909091,840.5842556871328,0.028800115714338114,0.01960776809152081,0.03249133333013608,1.1281454877834477e-05,0.0033587877095515393,1.1,0,0,0,0,0,0.7,0.7,6450.580449036329,,10,002
673.8461538461538,101,6410,3004586.474358974,1733.374303016799,0.031537650056549266,0.02377017727015053,0.0350768872307681,1.0245470501302882e-05,0.0032008546516989617,1.3,0,0,0,0,0,0.3333333333333333,0.25,27.688251836006362,,10,002
1392.7142857142858,101,3099,1416644.5714285711,1190.2287895310594,0.028600558955681577,0.02031341510069149,0.03483296471832701,1.955275079862071e-05,0.004421849251005818,0.7,0,0,0,0,0,0.6666666666666666,0.6666666666666666,1045.5124207310068,,10,002
2471.0,239,5280,6691256.666666667,2586.746347569987,0.02668795829937274,0.020640435535221994,0.02906513411315105,1.6360656358377777e-05,0.004044830819500091,0.4,0,0,0,0,0,1.0,1.0,1272.4590200383884,,10,002
767.25,102,2901,972377.1136363636,986.0918383377705,0.02926498306024374,0.013271683595441527,0.035197236538670754,2.998689165434868e-05,0.005476028821541089,1.2,0,0,0,0,0,0.8181818181818182,0.36363636363636365,345.20750555708787,,10,002
3272.6666666666665,137,6442,9939106.333333332,3152.634823973962,0.033437525361837216,0.028525107100429124,0.043050876223911676,6.932356764418566e-05,0.008326077566548708,0.3,0,0,0,0,0,0.0,0.5,2971.418371652964,,10,002
673.25,102,3852,1142231.6590909092,1068.7523843673562,0.030280810563926026,0.01322802865131307,0.041022458251182094,4.205226294333607e-05,0.006484771618440858,1.2,0,0,0,0,0,0.36363636363636365,0.45454545454545453,26.37504010166162,,10,002
967.5,102,5928,3135457.8333333335,1770.722404368718,0.03076050329557998,0.027109768443068918,0.03665123093553476,8.01043774081866e-06,0.002830271672617076,1.0,0,0,0,0,0,0.3333333333333333,0.5555555555555556,786.3695773484337,,10,002
535.4705882352941,101,2796,626742.6397058824,791.6707899789423,0.030697241277354997,0.028192414919568008,0.03723722356603898,4.8245858406341285e-06,0.0021964939882991095,1.7,0,0,0,0,0,0.6875,0.5,117.44673811404725,,10,002
473.7368421052632,102,2419,399778.9824561404,632.280778180185,0.030677287847384133,0.023607136889907364,0.047142360300604265,2.653886238368692e-05,0.005151588336007345,1.9,0,0,0,0,0,0.3333333333333333,0.3888888888888889,189.41514043998532,,10,002
795.4166666666666,102,3783,1190138.2651515154,1090.9345833511354,0.031009532188982867,0.024474814354386035,0.04399446160588181,2.8318447995646692e-05,0.005321508056523704,1.2,0,0,0,0,0,0.9090909090909091,0.5454545454545454,133.0651164548216,,10,002
225.94444444444446,101,1226,44756.85396825397,211.55815741363878,0.03356221353302603,0.027949312496390037,0.048395377008116844,3.675511691728439e-05,0.0060625998480259595,3.6,0,0,0,0,0,0.4857142857142857,0.5714285714285714,76.5114408194784,,10,002
3306.3333333333335,171,9136,25537380.333333332,5053.452318300167,0.021100031476853475,0.006303284319800713,0.028816329580927544,0.00016430887082625648,0.012818302181890411,0.3,0,0,0,0,0,0.5,0.5,784.9224003353634,,10,002
561.2666666666667,102,3717,877191.9238095238,936.5852464188852,0.031343507994459154,0.021373119522044005,0.04247088048484601,2.1101027458102683e-05,0.004593585468683769,1.5,0,0,0,0,0,0.42857142857142855,0.35714285714285715,19.7543628025571,,10,002
592.1875,102,3102,591387.7625,769.0174006483858,0.029611376492863065,0.0125726420636828,0.0360462499361987,2.7639865025436647e-05,0.005257362934536348,1.6,0,0,0,0,0,0.4666666666666667,0.8666666666666667,756.7998097672454,,10,002
2445.75,547,7769,12602128.916666666,3549.947734357038,0.028333789828110342,0.028026509433536906,0.0287560852063972,1.1011724993730724e-07,0.000331839192889127,0.4,0,0,0,0,0,0.0,0.3333333333333333,245.55204993159464,,10,002
